population	rs61028892_0	rs61028892_1	rs61028892_2
African Ancestry SW	58	3	0
African Caribbean	85	11	0
Bengali	86	0	0
British	89	0	0
CEPH	99	0	0
Colombian	94	0	0
Dai Chinese	93	0	0
English	2	0	0
Esan	95	4	0
Finnish	99	0	0
Gambian	2	0	0
Gambian Mandinka	104	7	0
Gujarati	103	0	0
Han Chinese	103	0	0
Iberian	104	0	0
Japanese	104	0	0
Kinh Vietnamese	99	0	0
Luhya	99	0	0
Mende	82	4	0
Mexican Ancestry	63	1	0
Peruvian	85	0	0
Puerto Rican	103	1	0
Punjabi	96	0	0
Southern Han Chinese	105	0	0
Spanish	2	0	0
Tamil	102	0	0
Telugu	102	0	0
Toscani	107	0	0
Yoruba	102	6	0
